[
  {
    "actors": [
      "Kurt Russell", 
      "Zoe Bell", 
      "Rosario Dawson", 
      "Vanessa Ferlito", 
      "Sydney Tamiia Poitier", 
      "Tracie Thoms", 
      "Rose McGowan", 
      "Jordan Ladd", 
      "Mary Elizabeth Winstead", 
      "Quentin Tarantino", 
      "Marcy Harriell", 
      "Eli Roth", 
      "Omar Doom", 
      "Michael Bacall", 
      "Monica Staggs"
    ], 
    "title": "Death Proof"
  }, 
  {
    "actors": [
      "Jamie Bell", 
      "Jean Heywood", 
      "Jamie Draven", 
      "Gary Lewis", 
      "Stuart Wells", 
      "Mike Elliot", 
      "Billy Fane", 
      "Nicola Blackwell", 
      "Julie Walters", 
      "Carol McGuigan", 
      "Joe Renton", 
      "Colin MacLachlan", 
      "Janine Birkett", 
      "Trevor Fox", 
      "Charlie Hardwick"
    ], 
    "title": "Billy Elliot"
  }, 
  {
    "actors": [
      "Anthony Hopkins", 
      "John Hurt", 
      "Anne Bancroft", 
      "John Gielgud", 
      "Wendy Hiller", 
      "Freddie Jones", 
      "Michael Elphick", 
      "Hannah Gordon", 
      "Helen Ryan", 
      "John Standing", 
      "Dexter Fletcher", 
      "Lesley Dunlop", 
      "Phoebe Nicholls", 
      "Pat Gorman", 
      "Claire Davenport"
    ], 
    "title": "The Elephant Man"
  }, 
  {
    "actors": [
      "Hoyt Axton", 
      "John Louie", 
      "Keye Luke", 
      "Don Steele", 
      "Susan Burgess", 
      "Scott Brady", 
      "Arnie Moore", 
      "Corey Feldman", 
      "Harry Carey Jr.", 
      "Zach Galligan", 
      "Dick Miller", 
      "Phoebe Cates", 
      "Polly Holliday", 
      "Donald Elson", 
      "Belinda Balaski"
    ], 
    "title": "Gremlins"
  }, 
  {
    "actors": [
      "Sarah Polley", 
      "Ving Rhames", 
      "Jake Weber", 
      "Mekhi Phifer", 
      "Ty Burrell", 
      "Michael Kelly", 
      "Kevin Zegers", 
      "Michael Barry", 
      "Lindy Booth", 
      "Jayne Eastwood", 
      "Boyd Banks", 
      "Inna Korobkina", 
      "R.D. Reid", 
      "Kim Poirier", 
      "Matt Frewer"
    ], 
    "title": "Dawn of the Dead"
  }, 
  {
    "actors": [
      "Michael Stuhlbarg", 
      "Richard Kind", 
      "Fred Melamed", 
      "Sari Lennick", 
      "Aaron Wolff", 
      "Jessica McManus", 
      "Peter Breitmayer", 
      "Brent Braunschweig", 
      "David Kang", 
      "Benjamin Portnoe", 
      "Jack Swiler", 
      "Andrew S. Lentz", 
      "Jon Kaminski Jr.", 
      "Ari Hoptman", 
      "Alan Mandell"
    ], 
    "title": "A Serious Man"
  }, 
  {
    "actors": [
      "Kirsten Dunst", 
      "Charlotte Gainsbourg", 
      "Alexander Skarsg\u00e5rd", 
      "Brady Corbet", 
      "Cameron Spurr", 
      "Charlotte Rampling", 
      "Jesper Christensen", 
      "John Hurt", 
      "Stellan Skarsg\u00e5rd", 
      "Udo Kier", 
      "Kiefer Sutherland", 
      "James Cagnard", 
      "Deborah Fronko", 
      "Charlotta Miller", 
      "Claire Miller"
    ], 
    "title": "Melancholia"
  }, 
  {
    "actors": [
      "Edward Asner", 
      "Christopher Plummer", 
      "Jordan Nagai", 
      "Bob Peterson", 
      "Delroy Lindo", 
      "Jerome Ranft", 
      "John Ratzenberger", 
      "David Kaye", 
      "Elie Docter", 
      "Jeremy Leary", 
      "Mickie McGowan", 
      "Danny Mann", 
      "Donald Fullilove", 
      "Jess Harnell", 
      "Josh Cooley"
    ], 
    "title": "Up"
  }, 
  {
    "actors": [
      "Thomas Mitchell", 
      "Barbara O'Neil", 
      "Vivien Leigh", 
      "Evelyn Keyes", 
      "Ann Rutherford", 
      "George Reeves", 
      "Fred Crane", 
      "Hattie McDaniel", 
      "Oscar Polk", 
      "Butterfly McQueen", 
      "Victor Jory", 
      "Everett Brown", 
      "Howard C. Hickman", 
      "Alicia Rhett", 
      "Leslie Howard"
    ], 
    "title": "Gone with the Wind"
  }, 
  {
    "actors": [
      "Bruce Willis", 
      "Samuel L. Jackson", 
      "Robin Wright", 
      "Spencer Treat Clark", 
      "Charlayne Woodard", 
      "Eamonn Walker", 
      "Leslie Stefanson", 
      "Johnny Hiram Jamison", 
      "Michaelia Carroll", 
      "Bostin Christopher", 
      "Elizabeth Lawrence", 
      "Davis Duffield", 
      "Laura Regan", 
      "Chance Kelly", 
      "Michael Kelly"
    ], 
    "title": "Unbreakable"
  }, 
  {
    "actors": [
      "Brandon Lee", 
      "Rochelle Davis", 
      "Ernie Hudson", 
      "Michael Wincott", 
      "Bai Ling", 
      "Sofia Shinas", 
      "Anna Levine", 
      "David Patrick Kelly", 
      "Angel David", 
      "Laurence Mason", 
      "Michael Massee", 
      "Tony Todd", 
      "Jon Polito", 
      "Bill Raymond", 
      "Marco Rodr\u00edguez"
    ], 
    "title": "The Crow"
  }, 
  {
    "actors": [
      "Kevin Spacey", 
      "Russell Crowe", 
      "Guy Pearce", 
      "James Cromwell", 
      "Kim Basinger", 
      "Danny DeVito", 
      "David Strathairn", 
      "Ron Rifkin", 
      "Matt McCoy", 
      "Paul Guilfoyle", 
      "Paolo Seganti", 
      "Elisabeth Granli", 
      "Sandra Taylor", 
      "Steve Rankin", 
      "Graham Beckel"
    ], 
    "title": "L.A. Confidential"
  }, 
  {
    "actors": [
      "Robert Downey Jr.", 
      "Val Kilmer", 
      "Michelle Monaghan", 
      "Corbin Bernsen", 
      "Dash Mihok", 
      "Larry Miller", 
      "Rockmond Dunbar", 
      "Shannyn Sossamon", 
      "Angela Lindvall", 
      "Indio Falconer Downey", 
      "Ariel Winter", 
      "Duane Carnahan", 
      "Josh Richman", 
      "Martha Hackett", 
      "Nancy Fish"
    ], 
    "title": "Kiss Kiss Bang Bang"
  }, 
  {
    "actors": [
      "Kurt Russell", 
      "Val Kilmer", 
      "Sam Elliott", 
      "Bill Paxton", 
      "Powers Boothe", 
      "Michael Biehn", 
      "Charlton Heston", 
      "Jason Priestley", 
      "Jon Tenney", 
      "Stephen Lang", 
      "Thomas Haden Church", 
      "Dana Delany", 
      "Paula Malcomson", 
      "Lisa Collins", 
      "Dana Wheeler-Nicholson"
    ], 
    "title": "Tombstone"
  }, 
  {
    "actors": [
      "Joseph Gordon-Levitt", 
      "Bruce Willis", 
      "Emily Blunt", 
      "Paul Dano", 
      "Noah Segan", 
      "Piper Perabo", 
      "Jeff Daniels", 
      "Pierce Gagnon", 
      "Qing Xu", 
      "Tracie Thoms", 
      "Frank Brennan", 
      "Garret Dillahunt", 
      "Nick Gomez", 
      "Marcus Hester", 
      "Jon Eyez"
    ], 
    "title": "Looper"
  }, 
  {
    "actors": [
      "Shannen Doherty", 
      "Jeremy London", 
      "Jason Lee", 
      "Claire Forlani", 
      "Ben Affleck", 
      "Joey Lauren Adams", 
      "Ren\u00e9e Humphrey", 
      "Jason Mewes", 
      "Ethan Suplee", 
      "Stan Lee", 
      "Priscilla Barnes", 
      "Michael Rooker", 
      "Carol Banker", 
      "Steven Blackwell", 
      "Kyle Boe"
    ], 
    "title": "Mallrats"
  }, 
  {
    "actors": [
      "Simon Pegg", 
      "Martin Freeman", 
      "Bill Nighy", 
      "Robert Popper", 
      "Joe Cornish", 
      "Chris Waitt", 
      "Eric Mason", 
      "Billie Whitelaw", 
      "Nick Frost", 
      "Peter Wight", 
      "Julia Deakin", 
      "Tom Strode Walton", 
      "Troy Woollan", 
      "Rory Lowings", 
      "Bill Bailey"
    ], 
    "title": "Hot Fuzz"
  }, 
  {
    "actors": [
      "J.J. Johnson", 
      "Gary Commock", 
      "Polly Adams", 
      "Opal Alladin", 
      "Starla Benford", 
      "Trish Gates", 
      "Nancy McDoniel", 
      "David Alan Basche", 
      "Richard Bekins", 
      "Susan Blommaert", 
      "Ray Charleson", 
      "Christian Clemenson", 
      "Liza Col\u00f3n-Zayas", 
      "Lorna Dallas", 
      "Denny Dillon"
    ], 
    "title": "United 93"
  }, 
  {
    "actors": [
      "Toshiyuki Amagasa", 
      "Paul Butcher", 
      "Pat Carroll", 
      "Cheryl Chase", 
      "Shigeru Chiba", 
      "Lara Cody", 
      "Natalie Core", 
      "Tim Daly", 
      "Dakota Fanning", 
      "Elle Fanning", 
      "Kenneth Hartman", 
      "Noriko Hidaka", 
      "Akiko Hiramatsu", 
      "Masashi Hirose", 
      "Shigesato Itoi"
    ], 
    "title": "Tonari no Totoro"
  }, 
  {
    "actors": [
      "Edward Norton", 
      "Edward Furlong", 
      "Beverly D'Angelo", 
      "Jennifer Lien", 
      "Ethan Suplee", 
      "Fairuza Balk", 
      "Avery Brooks", 
      "Elliott Gould", 
      "Stacy Keach", 
      "William Russ", 
      "Guy Torry", 
      "Joe Cortese", 
      "Jason Bose Smith", 
      "Antonio David Lyons", 
      "Alex Sol"
    ], 
    "title": "American History X"
  }, 
  {
    "actors": [
      "Abigail Breslin", 
      "Greg Kinnear", 
      "Paul Dano", 
      "Alan Arkin", 
      "Toni Collette", 
      "Steve Carell", 
      "Marc Turtletaub", 
      "Jill Talley", 
      "Brenda Canela", 
      "Julio Oscar Mechoso", 
      "Chuck Loring", 
      "Justin Shilton", 
      "Gordon Thomson", 
      "Steven Christopher Parker", 
      "Bryan Cranston"
    ], 
    "title": "Little Miss Sunshine"
  }, 
  {
    "actors": [
      "Matthew McConaughey", 
      "Marisa Tomei", 
      "Ryan Phillippe", 
      "William H. Macy", 
      "Josh Lucas", 
      "John Leguizamo", 
      "Michael Pe\u00f1a", 
      "Bob Gunton", 
      "Frances Fisher", 
      "Bryan Cranston", 
      "Trace Adkins", 
      "Laurence Mason", 
      "Margarita Levieva", 
      "Pell James", 
      "Shea Whigham"
    ], 
    "title": "The Lincoln Lawyer"
  }, 
  {
    "actors": [
      "Charlize Theron", 
      "Christina Ricci", 
      "Bruce Dern", 
      "Lee Tergesen", 
      "Annie Corley", 
      "Pruitt Taylor Vince", 
      "Marco St. John", 
      "Marc Macaulay", 
      "Scott Wilson", 
      "Rus Blackwell", 
      "Tim Ware", 
      "Stephan Jones", 
      "Brett Rice", 
      "Kaitlin Riley", 
      "Cree Ivey"
    ], 
    "title": "Monster"
  }, 
  {
    "actors": [
      "Josh Hutcherson", 
      "AnnaSophia Robb", 
      "Zooey Deschanel", 
      "Robert Patrick", 
      "Bailee Madison", 
      "Kate Butler", 
      "Devon Wood", 
      "Emma Fenton", 
      "Grace Brannigan", 
      "Latham Gaines", 
      "Judy McIntosh", 
      "Patricia Aldersley", 
      "Lauren Clinton", 
      "Isabelle Rose Kircher", 
      "Cameron Wakefield"
    ], 
    "title": "Bridge to Terabithia"
  }, 
  {
    "actors": [
      "Kevin Costner", 
      "Amy Madigan", 
      "Gaby Hoffmann", 
      "Ray Liotta", 
      "Timothy Busfield", 
      "James Earl Jones", 
      "Burt Lancaster", 
      "Frank Whaley", 
      "Dwier Brown", 
      "James Andelin", 
      "Mary Anne Kean", 
      "Fern Persons", 
      "Kelly Coffield Park", 
      "Michael Milhoan", 
      "Steve Eastin"
    ], 
    "title": "Field of Dreams"
  }, 
  {
    "actors": [
      "Arnold Schwarzenegger", 
      "Carl Weathers", 
      "Elpidia Carrillo", 
      "Bill Duke", 
      "Jesse Ventura", 
      "Sonny Landham", 
      "Richard Chaves", 
      "R.G. Armstrong", 
      "Shane Black", 
      "Kevin Peter Hall"
    ], 
    "title": "Predator"
  }, 
  {
    "actors": [
      "Sean Connery", 
      "Honor Blackman", 
      "Gert Fr\u00f6be", 
      "Shirley Eaton", 
      "Tania Mallet", 
      "Harold Sakata", 
      "Bernard Lee", 
      "Martin Benson", 
      "Cec Linder", 
      "Austin Willis", 
      "Lois Maxwell", 
      "Bill Nagy", 
      "Michael Mellinger", 
      "Peter Cranwell", 
      "Nadja Regin"
    ], 
    "title": "Goldfinger"
  }, 
  {
    "actors": [
      "Christian Bale", 
      "Gary Oldman", 
      "Tom Hardy", 
      "Joseph Gordon-Levitt", 
      "Anne Hathaway", 
      "Marion Cotillard", 
      "Morgan Freeman", 
      "Michael Caine", 
      "Matthew Modine", 
      "Alon Aboutboul", 
      "Ben Mendelsohn", 
      "Burn Gorman", 
      "Daniel Sunjata", 
      "Aidan Gillen", 
      "Sam Kennard"
    ], 
    "title": "The Dark Knight Rises"
  }, 
  {
    "actors": [
      "Karen Disher", 
      "Jason Fricchione", 
      "Sofia Scarpa Saldanha", 
      "Leslie Mann", 
      "Kelly Keaton", 
      "Jesse Eisenberg", 
      "Wanda Sykes", 
      "Jane Lynch", 
      "Rodrigo Santoro", 
      "Gracinha Leporace", 
      "Jamie Foxx", 
      "Will i Am", 
      "Phil Miler", 
      "Anne Hathaway", 
      "Bernardo de Paula"
    ], 
    "title": "Rio"
  }, 
  {
    "actors": [
      "Wil Wheaton", 
      "River Phoenix", 
      "Corey Feldman", 
      "Jerry O'Connell", 
      "Kiefer Sutherland", 
      "Casey Siemaszko", 
      "Gary Riley", 
      "Bradley Gregg", 
      "Jason Oliver", 
      "Marshall Bell", 
      "Frances Lee McCain", 
      "Bruce Kirby", 
      "William Bronder", 
      "Scott Beach", 
      "Richard Dreyfuss"
    ], 
    "title": "Stand by Me"
  }, 
  {
    "actors": [
      "Mike Myers", 
      "Eddie Murphy", 
      "Cameron Diaz", 
      "John Lithgow", 
      "Vincent Cassel", 
      "Peter Dennis", 
      "Clive Pearse", 
      "Jim Cummings", 
      "Bobby Block", 
      "Chris Miller", 
      "Cody Cameron", 
      "Kathleen Freeman", 
      "Michael Galasso", 
      "Christopher Knights", 
      "Simon J. Smith"
    ], 
    "title": "Shrek"
  }, 
  {
    "actors": [
      "Dane DeHaan", 
      "Alex Russell", 
      "Michael B. Jordan", 
      "Michael Kelly", 
      "Ashley Hinshaw", 
      "Bo Petersen", 
      "Anna Wood", 
      "Rudi Malcolm", 
      "Luke Tyler", 
      "Crystal-Donna Roberts", 
      "Adrian Collins", 
      "Grant Powell", 
      "Armand Aucamp", 
      "Nicole Bailey", 
      "Lynita Crofford"
    ], 
    "title": "Chronicle"
  }, 
  {
    "actors": [
      "Jeremy Irvine", 
      "Peter Mullan", 
      "Emily Watson", 
      "Niels Arestrup", 
      "David Thewlis", 
      "Tom Hiddleston", 
      "Benedict Cumberbatch", 
      "Celine Buckens", 
      "Toby Kebbell", 
      "Patrick Kennedy", 
      "Leonard Carow", 
      "David Kross", 
      "Matt Milne", 
      "Robert Emms", 
      "Eddie Marsan"
    ], 
    "title": "War Horse"
  }, 
  {
    "actors": [
      "Sean Astin", 
      "Josh Brolin", 
      "Jeff Cohen", 
      "Corey Feldman", 
      "Kerri Green", 
      "Martha Plimpton", 
      "Jonathan Ke Quan", 
      "John Matuszak", 
      "Robert Davi", 
      "Joe Pantoliano", 
      "Anne Ramsey", 
      "Lupe Ontiveros", 
      "Mary Ellen Trainor", 
      "Keith Walker", 
      "Curtis Hanson"
    ], 
    "title": "The Goonies"
  }, 
  {
    "actors": [
      "Gerard Butler", 
      "Tom Wilkinson", 
      "Thandie Newton", 
      "Mark Strong", 
      "Idris Elba", 
      "Tom Hardy", 
      "Karel Roden", 
      "Toby Kebbell", 
      "Jeremy Piven", 
      "Ludacris", 
      "Jimi Mistry", 
      "Matt King", 
      "Geoff Bell", 
      "Dragan Micanovic", 
      "Michael Ryan"
    ], 
    "title": "RocknRolla"
  }, 
  {
    "actors": [
      "Ryan Reynolds", 
      "An Nguyen", 
      "Matthew Mason", 
      "Rick Derby", 
      "Sakina Jaffrey", 
      "Bob Wiltfong", 
      "Ryder Chasin", 
      "Fiona Lane", 
      "Dana Eskelson", 
      "Blake Benitez", 
      "Paulina Gerzon", 
      "Victoria Goldsmith", 
      "Ashtyn Greenstein", 
      "Ashley Grenier", 
      "Dylan Hartigan"
    ], 
    "title": "Definitely, Maybe"
  }, 
  {
    "actors": [
      "James Caan", 
      "Kathy Bates", 
      "Richard Farnsworth", 
      "Frances Sternhagen", 
      "Lauren Bacall", 
      "Graham Jarvis", 
      "Jerry Potter", 
      "Thomas Brunelle", 
      "June Christopher", 
      "Julie Payne", 
      "Archie Hahn", 
      "Gregory Snegoff", 
      "Wendy Bowers", 
      "Misery the Pig"
    ], 
    "title": "Misery"
  }, 
  {
    "actors": [
      "Roy Atwell", 
      "Stuart Buchanan", 
      "Adriana Caselotti", 
      "Hall Johnson Choir", 
      "Eddie Collins", 
      "Pinto Colvig", 
      "Marion Darlington", 
      "Billy Gilbert", 
      "Otis Harlan", 
      "Lucille La Verne", 
      "Scotty Mattraw", 
      "Moroni Olsen", 
      "Purv Pullen", 
      "Harry Stockwell"
    ], 
    "title": "Snow White and the Seven Dwarfs"
  }, 
  {
    "actors": [
      "Martin Hancock", 
      "Michael Sheen", 
      "Nathalie Cox", 
      "Eriq Ebouaney", 
      "Jouko Ahola", 
      "David Thewlis", 
      "Liam Neeson", 
      "Philip Glenister", 
      "Orlando Bloom", 
      "Bronson Webb", 
      "Kevin McKidd", 
      "Nikolaj Coster-Waldau", 
      "Steven Robertson", 
      "Marton Csokas", 
      "Alexander Siddig"
    ], 
    "title": "Kingdom of Heaven"
  }, 
  {
    "actors": [
      "Tom Hanks", 
      "Tom Sizemore", 
      "Edward Burns", 
      "Barry Pepper", 
      "Adam Goldberg", 
      "Vin Diesel", 
      "Giovanni Ribisi", 
      "Jeremy Davies", 
      "Matt Damon", 
      "Ted Danson", 
      "Paul Giamatti", 
      "Dennis Farina", 
      "Joerg Stadler", 
      "Max Martini", 
      "Dylan Bruno"
    ], 
    "title": "Saving Private Ryan"
  }, 
  {
    "actors": [
      "Jeff Daniels", 
      "David Strathairn", 
      "Alex Borstein", 
      "Rose Abdoo", 
      "Dianne Reeves", 
      "Peter Martin", 
      "Christoph Luty", 
      "Jeff Hamilton", 
      "Matt Catingub", 
      "Tate Donovan", 
      "Reed Diamond", 
      "Matt Ross", 
      "Patricia Clarkson", 
      "Robert Downey Jr.", 
      "George Clooney"
    ], 
    "title": "Good Night, and Good Luck."
  }, 
  {
    "actors": [
      "Sam Rockwell", 
      "Kevin Spacey", 
      "Dominique McElligott", 
      "Rosie Shaw", 
      "Adrienne Shaw", 
      "Kaya Scodelario", 
      "Benedict Wong", 
      "Matt Berry", 
      "Malcolm Stewart", 
      "Robin Chalk"
    ], 
    "title": "Moon"
  }, 
  {
    "actors": [
      "Jeff Goldblum", 
      "Geena Davis", 
      "John Getz", 
      "Joy Boushel", 
      "Leslie Carlson", 
      "George Chuvalo", 
      "Michael Copeman", 
      "David Cronenberg", 
      "Carol Lazare", 
      "Shawn Hewitt"
    ], 
    "title": "The Fly"
  }, 
  {
    "actors": [
      "Ken Watanabe", 
      "Tom Cruise", 
      "William Atherton", 
      "Chad Lindberg", 
      "Ray Godshall Sr.", 
      "Billy Connolly", 
      "Tony Goldwyn", 
      "Masato Harada", 
      "Masashi Odate", 
      "John Koyama", 
      "Timothy Spall", 
      "Shichinosuke Nakamura", 
      "Togo Igawa", 
      "Satoshi Nikaido", 
      "Shintaro Wada"
    ], 
    "title": "The Last Samurai"
  }, 
  {
    "actors": [
      "Judy Garland", 
      "Frank Morgan", 
      "Ray Bolger", 
      "Bert Lahr", 
      "Jack Haley", 
      "Billie Burke", 
      "Margaret Hamilton", 
      "Charley Grapewin", 
      "Pat Walshe", 
      "Clara Blandick", 
      "Terry", 
      "The Singer Midgets"
    ], 
    "title": "The Wizard of Oz"
  }, 
  {
    "actors": [
      "Robert Downey Jr.", 
      "Terrence Howard", 
      "Jeff Bridges", 
      "Gwyneth Paltrow", 
      "Leslie Bibb", 
      "Shaun Toub", 
      "Faran Tahir", 
      "Clark Gregg", 
      "Bill Smitrovich", 
      "Sayed Badreya", 
      "Paul Bettany", 
      "Jon Favreau", 
      "Peter Billingsley", 
      "Tim Guinee", 
      "Will Lyman"
    ], 
    "title": "Iron Man"
  }, 
  {
    "actors": [
      "Kate Winslet", 
      "Jennifer Connelly", 
      "Patrick Wilson", 
      "Jackie Earle Haley", 
      "Noah Emmerich", 
      "Gregg Edelman", 
      "Phyllis Somerville", 
      "Raymond J. Barry", 
      "Jane Adams", 
      "Ty Simpkins", 
      "Sadie Goldstein", 
      "Helen Carey", 
      "Sarah Buxton", 
      "Mary B. McCann", 
      "Trini Alvarado"
    ], 
    "title": "Little Children"
  }, 
  {
    "actors": [
      "James Robinson", 
      "Sean Lawlor", 
      "Sandy Nelson", 
      "James Cosmo", 
      "Sean McGinley", 
      "Alan Tall", 
      "Andrew Weir", 
      "Gerda Stevenson", 
      "Ralph Riach", 
      "Mhairi Calvey", 
      "Brian Cox", 
      "Patrick McGoohan", 
      "Peter Hanly", 
      "Sophie Marceau", 
      "Stephen Billington"
    ], 
    "title": "Braveheart"
  }, 
  {
    "actors": [
      "Sigourney Weaver", 
      "Carrie Henn", 
      "Michael Biehn", 
      "Paul Reiser", 
      "Lance Henriksen", 
      "Bill Paxton", 
      "Jenette Goldstein", 
      "William Hope", 
      "Al Matthews", 
      "Mark Rolston", 
      "Ricco Ross", 
      "Colette Hiller", 
      "Daniel Kash", 
      "Cynthia Dale Scott", 
      "Tip Tipping"
    ], 
    "title": "Aliens"
  }, 
  {
    "actors": [
      "Bill Murray", 
      "Andie MacDowell", 
      "Chris Elliott", 
      "Stephen Tobolowsky", 
      "Brian Doyle-Murray", 
      "Marita Geraghty", 
      "Angela Paton", 
      "Rick Ducommun", 
      "Rick Overton", 
      "Robin Duke", 
      "Carol Bivins", 
      "Willie Garson", 
      "Ken Hudson Campbell", 
      "Les Podewell", 
      "Rod Sell"
    ], 
    "title": "Groundhog Day"
  }, 
  {
    "actors": [
      "Robert De Niro", 
      "Sharon Stone", 
      "Joe Pesci", 
      "James Woods", 
      "Frank Vincent", 
      "Pasquale Cajano", 
      "Kevin Pollak", 
      "Don Rickles", 
      "Vinny Vella", 
      "Alan King", 
      "L.Q. Jones", 
      "Dick Smothers", 
      "Joseph Rigano", 
      "John Bloom", 
      "Melissa Prophet"
    ], 
    "title": "Casino"
  }, 
  {
    "actors": [
      "Hugh Grant", 
      "James Fleet", 
      "Simon Callow", 
      "John Hannah", 
      "Kristin Scott Thomas", 
      "David Bower", 
      "Charlotte Coleman", 
      "Andie MacDowell", 
      "Timothy Walker", 
      "Sara Crowe", 
      "Ronald Herdman", 
      "Elspet Gray", 
      "Philip Voss", 
      "Rupert Vansittart", 
      "Nicola Walker"
    ], 
    "title": "Four Weddings and a Funeral"
  }, 
  {
    "actors": [
      "Emilio Echevarr\u00eda", 
      "Gael Garc\u00eda Bernal", 
      "Goya Toledo", 
      "\u00c1lvaro Guerrero", 
      "Vanessa Bauche", 
      "Jorge Salinas", 
      "Marco P\u00e9rez", 
      "Rodrigo Murray", 
      "Humberto Busto", 
      "Gerardo Campbell", 
      "Rosa Mar\u00eda Bianchi", 
      "Dunia Sald\u00edvar", 
      "Adriana Barraza", 
      "Jos\u00e9 Sefami", 
      "Lourdes Echevarr\u00eda"
    ], 
    "title": "Amores perros"
  }, 
  {
    "actors": [
      "Brad Pitt", 
      "Anthony Hopkins", 
      "Claire Forlani", 
      "Jake Weber", 
      "Marcia Gay Harden", 
      "Jeffrey Tambor", 
      "David S. Howard", 
      "Lois Kelly-Miller", 
      "Jahnni St. John", 
      "Richard Clarke", 
      "Marylouise Burke", 
      "Diane Kagan", 
      "June Squibb", 
      "Gene Canfield", 
      "Suzanne Hevner"
    ], 
    "title": "Meet Joe Black"
  }, 
  {
    "actors": [
      "William Holden", 
      "Alec Guinness", 
      "Jack Hawkins", 
      "Sessue Hayakawa", 
      "James Donald", 
      "Geoffrey Horne", 
      "Andr\u00e9 Morell", 
      "Peter Williams", 
      "John Boxer", 
      "Percy Herbert", 
      "Harold Goodwin", 
      "Ann Sears", 
      "Heihachir\u00f4 \u00d4kawa", 
      "Keiichir\u00f4 Katsumoto", 
      "M.R.B. Chakrabandhu"
    ], 
    "title": "The Bridge on the River Kwai"
  }, 
  {
    "actors": [
      "Sean Penn", 
      "Tim Robbins", 
      "Kevin Bacon", 
      "Laurence Fishburne", 
      "Marcia Gay Harden", 
      "Laura Linney", 
      "Kevin Chapman", 
      "Tom Guiry", 
      "Emmy Rossum", 
      "Spencer Treat Clark", 
      "Andrew Mackin", 
      "Adam Nelson", 
      "Robert Wahlberg", 
      "Jenny O'Hara", 
      "John Doman"
    ], 
    "title": "Mystic River"
  }, 
  {
    "actors": [
      "Joseph Gordon-Levitt", 
      "Nora Zehetner", 
      "Lukas Haas", 
      "Noah Fleiss", 
      "Matt O'Leary", 
      "Emilie de Ravin", 
      "Noah Segan", 
      "Richard Roundtree", 
      "Meagan Good", 
      "Brian White", 
      "Jonathan Cauff", 
      "Reedy Gibbs", 
      "Lucas Babin", 
      "Tracy Wilcoxen", 
      "Ari Welkom"
    ], 
    "title": "Brick"
  }, 
  {
    "actors": [
      "Ralph Macchio", 
      "Pat Morita", 
      "Elisabeth Shue", 
      "Martin Kove", 
      "Randee Heller", 
      "William Zabka", 
      "Ron Thomas", 
      "Rob Garrison", 
      "Chad McQueen", 
      "Tony O'Dell", 
      "Israel Juarbe", 
      "William Bassett", 
      "Larry B. Scott", 
      "Juli Fields", 
      "Dana Andersen"
    ], 
    "title": "The Karate Kid"
  }, 
  {
    "actors": [
      "Andy Serkis", 
      "Karin Konoval", 
      "Terry Notary", 
      "Richard Ridings", 
      "Christopher Gordon", 
      "Devyn Dalton", 
      "Jay Caputo", 
      "James Franco", 
      "Freida Pinto", 
      "John Lithgow", 
      "Brian Cox", 
      "Tom Felton", 
      "David Oyelowo", 
      "Tyler Labine", 
      "Jamie Harris"
    ], 
    "title": "Rise of the Planet of the Apes"
  }, 
  {
    "actors": [
      "Kristen Connolly", 
      "Chris Hemsworth", 
      "Anna Hutchison", 
      "Fran Kranz", 
      "Jesse Williams", 
      "Richard Jenkins", 
      "Bradley Whitford", 
      "Brian White", 
      "Amy Acker", 
      "Tim De Zarn", 
      "Tom Lenk", 
      "Dan Payne", 
      "Jodelle Ferland", 
      "Dan Shea", 
      "Maya Massar"
    ], 
    "title": "The Cabin in the Woods"
  }, 
  {
    "actors": [
      "Jack Nicholson", 
      "Faye Dunaway", 
      "John Huston", 
      "Perry Lopez", 
      "John Hillerman", 
      "Darrell Zwerling", 
      "Diane Ladd", 
      "Roy Jenson", 
      "Roman Polanski", 
      "Richard Bakalyan", 
      "Joe Mantell", 
      "Bruce Glover", 
      "Nandu Hinds", 
      "James O'Rear", 
      "James Hong"
    ], 
    "title": "Chinatown"
  }, 
  {
    "actors": [
      "Sean Connery", 
      "Nicolas Cage", 
      "Ed Harris", 
      "John Spencer", 
      "David Morse", 
      "William Forsythe", 
      "Michael Biehn", 
      "Vanessa Marcil", 
      "John C. McGinley", 
      "Gregory Sporleder", 
      "Tony Todd", 
      "Bokeem Woodbine", 
      "Jim Maniaci", 
      "Greg Collins", 
      "Brendan Kelly"
    ], 
    "title": "The Rock"
  }, 
  {
    "actors": [
      "Jack Black", 
      "Angelina Jolie", 
      "Dustin Hoffman", 
      "Gary Oldman", 
      "Jackie Chan", 
      "Seth Rogen", 
      "Lucy Liu", 
      "David Cross", 
      "James Hong", 
      "Michelle Yeoh", 
      "Danny McBride", 
      "Dennis Haysbert", 
      "Jean-Claude Van Damme", 
      "Victor Garber", 
      "Mike Bell"
    ], 
    "title": "Kung Fu Panda 2"
  }, 
  {
    "actors": [
      "Kevin Costner", 
      "Demi Moore", 
      "Dane Cook", 
      "William Hurt", 
      "Marg Helgenberger", 
      "Ruben Santiago-Hudson", 
      "Danielle Panabaker", 
      "Aisha Hinds", 
      "Lindsay Crouse", 
      "Jason Lewis", 
      "Reiko Aylesworth", 
      "Matt Schulze", 
      "Yasmine Delawari", 
      "Traci Dinwiddie", 
      "Michael Cole"
    ], 
    "title": "Mr. Brooks"
  }, 
  {
    "actors": [
      "Gerard Butler", 
      "Emmy Rossum", 
      "Patrick Wilson", 
      "Miranda Richardson", 
      "Minnie Driver", 
      "Ciar\u00e1n Hinds", 
      "Simon Callow", 
      "Victor McGuire", 
      "Jennifer Ellison", 
      "Murray Melvin", 
      "Kevin McNally", 
      "James Fleet", 
      "Imogen Bain", 
      "Miles Western", 
      "Judith Paris"
    ], 
    "title": "The Phantom of the Opera"
  }, 
  {
    "actors": [
      "Marilyn Monroe", 
      "Tony Curtis", 
      "Jack Lemmon", 
      "George Raft", 
      "Pat O'Brien", 
      "Joe E. Brown", 
      "Nehemiah Persoff", 
      "Joan Shawlee", 
      "Billy Gray", 
      "George E. Stone", 
      "Dave Barry", 
      "Mike Mazurki", 
      "Harry Wilson", 
      "Beverly Wills", 
      "Barbara Drew"
    ], 
    "title": "Some Like It Hot"
  }, 
  {
    "actors": [
      "Robert De Niro", 
      "Jean Reno", 
      "Natascha McElhone", 
      "Stellan Skarsg\u00e5rd", 
      "Sean Bean", 
      "Skipp Sudduth", 
      "Michael Lonsdale", 
      "Jan Tr\u00edska", 
      "Jonathan Pryce", 
      "Ron Perkins", 
      "F\u00e9odor Atkine", 
      "Katarina Witt", 
      "Bernard Bloch", 
      "Dominic Gugliametti", 
      "Alan Beckworth"
    ], 
    "title": "Ronin"
  }, 
  {
    "actors": [
      "Matt Damon", 
      "Franka Potente", 
      "Brian Cox", 
      "Julia Stiles", 
      "Karl Urban", 
      "Gabriel Mann", 
      "Joan Allen", 
      "Marton Csokas", 
      "Tom Gallop", 
      "John Bedford Lloyd", 
      "Ethan Sandler", 
      "Michelle Monaghan", 
      "Karel Roden", 
      "Tomas Arana", 
      "Oksana Akinshina"
    ], 
    "title": "The Bourne Supremacy"
  }, 
  {
    "actors": [
      "Nicole Kidman", 
      "Harriet Andersson", 
      "Lauren Bacall", 
      "Jean-Marc Barr", 
      "Paul Bettany", 
      "Blair Brown", 
      "James Caan", 
      "Patricia Clarkson", 
      "Jeremy Davies", 
      "Ben Gazzara", 
      "Philip Baker Hall", 
      "Thom Hoffman", 
      "Siobhan Fallon", 
      "John Hurt", 
      "Zeljko Ivanek"
    ], 
    "title": "Dogville"
  }, 
  {
    "actors": [
      "Rory Cochrane", 
      "Robert Downey Jr.", 
      "Mitch Baker", 
      "Keanu Reeves", 
      "Sean Allen", 
      "Cliff Haby", 
      "Steven Chester Prince", 
      "Winona Ryder", 
      "Natasha Valdez", 
      "Mark Turner", 
      "Woody Harrelson", 
      "Chamblee Ferguson", 
      "Angela Rawna", 
      "Eliza Stevens", 
      "Sarah Menchaca"
    ], 
    "title": "A Scanner Darkly"
  }, 
  {
    "actors": [
      "Amy Adams", 
      "Patrick Dempsey", 
      "James Marsden", 
      "Timothy Spall", 
      "Idina Menzel", 
      "Rachel Covey", 
      "Susan Sarandon", 
      "Julie Andrews", 
      "Jeff Bennett", 
      "Kevin Lima", 
      "Emma Rose Lima", 
      "Teala Dunn", 
      "Fred Tatasciore", 
      "Courtney Williams", 
      "William Huntley"
    ], 
    "title": "Enchanted"
  }, 
  {
    "actors": [
      "Jim Caviezel", 
      "Guy Pearce", 
      "Richard Harris", 
      "James Frain", 
      "Dagmara Dominczyk", 
      "Michael Wincott", 
      "Luis Guzm\u00e1n", 
      "Christopher Adamson", 
      "JB Blanc", 
      "Guy Carleton", 
      "Alex Norton", 
      "Barry Cassin", 
      "Henry Cavill", 
      "Aliaz Moufid", 
      "Brendan Costello"
    ], 
    "title": "The Count of Monte Cristo"
  }, 
  {
    "actors": [
      "Ray Romano", 
      "John Leguizamo", 
      "Denis Leary", 
      "Goran Visnjic", 
      "Jack Black", 
      "Cedric the Entertainer", 
      "Stephen Root", 
      "Diedrich Bader", 
      "Alan Tudyk", 
      "Lorri Bagley", 
      "Jane Krakowski", 
      "Peter Ackerman", 
      "P.J. Benjamin", 
      "Josh Hamilton", 
      "Chris Wedge"
    ], 
    "title": "Ice Age"
  }, 
  {
    "actors": [
      "Arnold Schwarzenegger", 
      "Rachel Ticotin", 
      "Sharon Stone", 
      "Ronny Cox", 
      "Michael Ironside", 
      "Marshall Bell", 
      "Mel Johnson Jr.", 
      "Michael Champion", 
      "Roy Brocksmith", 
      "Ray Baker", 
      "Rosemary Dunsmore", 
      "David Knell", 
      "Alexia Robinson", 
      "Dean Norris", 
      "Mark Carlton"
    ], 
    "title": "Total Recall"
  }, 
  {
    "actors": [
      "Jim Carrey", 
      "Kate Winslet", 
      "Gerry Robert Byrne", 
      "Elijah Wood", 
      "Thomas Jay Ryan", 
      "Mark Ruffalo", 
      "Jane Adams", 
      "David Cross", 
      "Kirsten Dunst", 
      "Tom Wilkinson", 
      "Ryan Whitney", 
      "Debbon Ayer", 
      "Amir Ali Said", 
      "Brian Price", 
      "Paulie Litt"
    ], 
    "title": "Eternal Sunshine of the Spotless Mind"
  }, 
  {
    "actors": [
      "Ron Livingston", 
      "Jennifer Aniston", 
      "David Herman", 
      "Ajay Naidu", 
      "Diedrich Bader", 
      "Stephen Root", 
      "Gary Cole", 
      "Richard Riehle", 
      "Alexandra Wentworth", 
      "Joe Bays", 
      "John C. McGinley", 
      "Paul Willson", 
      "Kinna McInroe", 
      "Todd Duffey", 
      "Greg Pitts"
    ], 
    "title": "Office Space"
  }, 
  {
    "actors": [
      "Tom Hanks", 
      "Tim Allen", 
      "Joan Cusack", 
      "Ned Beatty", 
      "Don Rickles", 
      "Michael Keaton", 
      "Wallace Shawn", 
      "John Ratzenberger", 
      "Estelle Harris", 
      "John Morris", 
      "Jodi Benson", 
      "Emily Hahn", 
      "Laurie Metcalf", 
      "Blake Clark", 
      "Teddy Newton"
    ], 
    "title": "Toy Story 3"
  }, 
  {
    "actors": [
      "Michael J. Fox", 
      "Christopher Lloyd", 
      "Mary Steenburgen", 
      "Thomas F. Wilson", 
      "Lea Thompson", 
      "Elisabeth Shue", 
      "Matt Clark", 
      "Richard Dysart", 
      "Pat Buttram", 
      "Harry Carey Jr.", 
      "Dub Taylor", 
      "James Tolkan", 
      "Marc McClure", 
      "Wendie Jo Sperber", 
      "Jeffrey Weissman"
    ], 
    "title": "Back to the Future Part III"
  }, 
  {
    "actors": [
      "James Franco", 
      "Kate Mara", 
      "Amber Tamblyn", 
      "Sean Bott", 
      "Koleman Stinger", 
      "Treat Williams", 
      "John Lawrence", 
      "Kate Burton", 
      "Bailee Michelle Johnson", 
      "Parker Hadley", 
      "Cl\u00e9mence Po\u00e9sy", 
      "Fenton Quinn", 
      "Lizzy Caplan", 
      "Peter Joshua Hull", 
      "Pieter Jan Brugge"
    ], 
    "title": "127 Hours"
  }, 
  {
    "actors": [
      "Robert De Niro", 
      "James Woods", 
      "Elizabeth McGovern", 
      "Joe Pesci", 
      "Burt Young", 
      "Tuesday Weld", 
      "Treat Williams", 
      "Danny Aiello", 
      "Richard Bright", 
      "James Hayden", 
      "William Forsythe", 
      "Darlanne Fluegel", 
      "Larry Rapp", 
      "Richard Foronjy", 
      "Robert Harper"
    ], 
    "title": "Once Upon a Time in America"
  }, 
  {
    "actors": [
      "Woody Allen", 
      "Diane Keaton", 
      "Michael Murphy", 
      "Mariel Hemingway", 
      "Meryl Streep", 
      "Anne Byrne Hoffman", 
      "Karen Ludwig", 
      "Michael O'Donoghue", 
      "Victor Truro", 
      "Tisa Farrow", 
      "Helen Hanft", 
      "Bella Abzug", 
      "Gary Weis", 
      "Kenny Vance", 
      "Charles Levin"
    ], 
    "title": "Manhattan"
  }, 
  {
    "actors": [
      "John Travolta", 
      "Miley Cyrus", 
      "Susie Essman", 
      "Mark Walton", 
      "Malcolm McDowell", 
      "James Lipton", 
      "Greg Germann", 
      "Diedrich Bader", 
      "Nick Swardson", 
      "J.P. Manoux", 
      "Dan Fogelman", 
      "Kari Wahlgren", 
      "Chlo\u00eb Grace Moretz", 
      "Randy Savage", 
      "Ronn Moss"
    ], 
    "title": "Bolt"
  }, 
  {
    "actors": [
      "Samuel L. Jackson", 
      "Kevin Spacey", 
      "David Morse", 
      "Ron Rifkin", 
      "John Spencer", 
      "J.T. Walsh", 
      "Siobhan Fallon", 
      "Paul Giamatti", 
      "Regina Taylor", 
      "Bruce Beatty", 
      "Michael Cudlitz", 
      "Carlos G\u00f3mez", 
      "Tim Kelleher", 
      "Dean Norris", 
      "Nestor Serrano"
    ], 
    "title": "The Negotiator"
  }, 
  {
    "actors": [
      "Ben Kingsley", 
      "Sacha Baron Cohen", 
      "Asa Butterfield", 
      "Chlo\u00eb Grace Moretz", 
      "Ray Winstone", 
      "Emily Mortimer", 
      "Christopher Lee", 
      "Helen McCrory", 
      "Michael Stuhlbarg", 
      "Frances de la Tour", 
      "Richard Griffiths", 
      "Jude Law", 
      "Kevin Eldon", 
      "Gulliver McGrath", 
      "Shaun Aylward"
    ], 
    "title": "Hugo"
  }, 
  {
    "actors": [
      "Jack Black", 
      "Adam Pascal", 
      "Lucas Papaelias", 
      "Chris Stack", 
      "Sarah Silverman", 
      "Mike White", 
      "Lucas Babin", 
      "Joan Cusack", 
      "Jordan-Claire Green", 
      "Veronica Afflerbach", 
      "Miranda Cosgrove", 
      "Joey Gaydos Jr.", 
      "Robert Tsai", 
      "Angelo Massagli", 
      "Kevin Alexander Clark"
    ], 
    "title": "The School of Rock"
  }, 
  {
    "actors": [
      "Daniel Day-Lewis", 
      "Martin Stringer", 
      "Matthew Braden Stringer", 
      "Jacob Stringer", 
      "Joseph Mussey", 
      "Barry Del Sherman", 
      "Harrison Taylor", 
      "Stockton Taylor", 
      "Paul F. Tompkins", 
      "Dillon Freasier", 
      "Kevin Breznahan", 
      "Jim Meskimen", 
      "Erica Sullivan", 
      "Randall Carver", 
      "Coco Leigh"
    ], 
    "title": "There Will Be Blood"
  }, 
  {
    "actors": [
      "Alfred Abel", 
      "Gustav Fr\u00f6hlich", 
      "Rudolf Klein-Rogge", 
      "Fritz Rasp", 
      "Theodor Loos", 
      "Erwin Biswanger", 
      "Heinrich George", 
      "Brigitte Helm"
    ], 
    "title": "Metropolis"
  }, 
  {
    "actors": [
      "Shauna Macdonald", 
      "Natalie Mendoza", 
      "Alex Reid", 
      "Saskia Mulder", 
      "MyAnna Buring", 
      "Nora-Jane Noone", 
      "Oliver Milburn", 
      "Molly Kayll", 
      "Craig Conway", 
      "Leslie Simpson", 
      "Mark Cronfield", 
      "Stephen Lamb", 
      "Catherine Dyson", 
      "Julie Ellis", 
      "Sophie Trott"
    ], 
    "title": "The Descent"
  }, 
  {
    "actors": [
      "Thora Birch", 
      "Scarlett Johansson", 
      "Steve Buscemi", 
      "Brad Renfro", 
      "Illeana Douglas", 
      "Bob Balaban", 
      "Stacey Travis", 
      "Charles C. Stevenson Jr.", 
      "Dave Sheridan", 
      "Tom McGowan", 
      "Debra Azar", 
      "Brian George", 
      "Pat Healy", 
      "Honorine Bell", 
      "T.J. Thyne"
    ], 
    "title": "Ghost World"
  }, 
  {
    "actors": [
      "Sean Connery", 
      "Alec Baldwin", 
      "Scott Glenn", 
      "Sam Neill", 
      "James Earl Jones", 
      "Joss Ackland", 
      "Richard Jordan", 
      "Peter Firth", 
      "Tim Curry", 
      "Courtney B. Vance", 
      "Stellan Skarsg\u00e5rd", 
      "Jeffrey Jones", 
      "Timothy Carhart", 
      "Larry Ferguson", 
      "Fred Dalton Thompson"
    ], 
    "title": "The Hunt for Red October"
  }, 
  {
    "actors": [
      "Nathan Fillion", 
      "Gina Torres", 
      "Alan Tudyk", 
      "Morena Baccarin", 
      "Adam Baldwin", 
      "Jewel Staite", 
      "Sean Maher", 
      "Summer Glau", 
      "Ron Glass", 
      "Chiwetel Ejiofor", 
      "David Krumholtz", 
      "Michael Hitchcock", 
      "Sarah Paulson", 
      "Yan Feldman", 
      "Rafael Feldman"
    ], 
    "title": "Serenity"
  }, 
  {
    "actors": [
      "Jonah Hill", 
      "Channing Tatum", 
      "Brie Larson", 
      "Dave Franco", 
      "Rob Riggle", 
      "DeRay Davis", 
      "Ice Cube", 
      "Dax Flame", 
      "Chris Parnell", 
      "Ellie Kemper", 
      "Jake Johnson", 
      "Nick Offerman", 
      "Holly Robinson Peete", 
      "Johnny Pemberton", 
      "Stanley Wong"
    ], 
    "title": "21 Jump Street"
  }, 
  {
    "actors": [
      "Ryan Reynolds", 
      "Jos\u00e9 Luis Garc\u00eda P\u00e9rez", 
      "Robert Paterson", 
      "Stephen Tobolowsky", 
      "Samantha Mathis", 
      "Ivana Mi\u00f1o", 
      "Warner Loughlin", 
      "Erik Palladino", 
      "Kali Rocha", 
      "Chris William Martin", 
      "Cade Dundish", 
      "Mary Birdsong", 
      "Kirk Baily", 
      "Anne Lockhart", 
      "Robert Clotworthy"
    ], 
    "title": "Buried"
  }, 
  {
    "actors": [
      "Hugh Jackman", 
      "Christian Bale", 
      "Michael Caine", 
      "Piper Perabo", 
      "Rebecca Hall", 
      "Scarlett Johansson", 
      "Samantha Mahurin", 
      "David Bowie", 
      "Andy Serkis", 
      "Daniel Davis", 
      "Jim Piddock", 
      "Christopher Neame", 
      "Mark Ryan", 
      "Roger Rees", 
      "Jamie Harris"
    ], 
    "title": "The Prestige"
  }, 
  {
    "actors": [
      "Daveigh Chase", 
      "Suzanne Pleshette", 
      "Susan Egan", 
      "David Ogden Stiers", 
      "Lauren Holly", 
      "Michael Chiklis", 
      "John Ratzenberger", 
      "Jack Angel", 
      "Bob Bergen", 
      "Rodger Bumpass", 
      "Jennifer Darling", 
      "Paul Eiding", 
      "Tatsuya Gash\u00fbin", 
      "Koba Hayashi", 
      "Rumi Hiiragi"
    ], 
    "title": "Sen to Chihiro no kamikakushi"
  }, 
  {
    "actors": [
      "Sharlto Copley", 
      "Jason Cope", 
      "Nathalie Boltt", 
      "Sylvaine Strike", 
      "Elizabeth Mkandawie", 
      "John Sumner", 
      "William Allen Young", 
      "Greg Melvill-Smith", 
      "Nick Blake", 
      "Morena Busa Sesatsa", 
      "Themba Nkosi", 
      "Mzwandile Nqoba", 
      "Barry Strydom", 
      "Jed Brophy", 
      "Louis Minnaar"
    ], 
    "title": "District 9"
  }, 
  {
    "actors": [
      "Brad Pitt", 
      "M\u00e9lanie Laurent", 
      "Christoph Waltz", 
      "Eli Roth", 
      "Michael Fassbender", 
      "Diane Kruger", 
      "Daniel Br\u00fchl", 
      "Til Schweiger", 
      "Gedeon Burkhard", 
      "Jacky Ido", 
      "B.J. Novak", 
      "Omar Doom", 
      "August Diehl", 
      "Denis M\u00e9nochet", 
      "Sylvester Groth"
    ], 
    "title": "Inglourious Basterds"
  }, 
  {
    "actors": [
      "Mel Gibson", 
      "Madeleine Stowe", 
      "Greg Kinnear", 
      "Sam Elliott", 
      "Chris Klein", 
      "Keri Russell", 
      "Barry Pepper", 
      "Duong Don", 
      "Ryan Hurst", 
      "Robert Bagnell", 
      "Marc Blucas", 
      "Josh Daugherty", 
      "Jsu Garcia", 
      "Jon Hamm", 
      "Clark Gregg"
    ], 
    "title": "We Were Soldiers"
  }, 
  {
    "actors": [
      "Macaulay Culkin", 
      "Joe Pesci", 
      "Daniel Stern", 
      "John Heard", 
      "Roberts Blossom", 
      "Catherine O'Hara", 
      "Angela Goethals", 
      "Devin Ratray", 
      "Gerry Bamman", 
      "Hillary Wolf", 
      "John Candy", 
      "Larry Hankin", 
      "Michael C. Maronna", 
      "Kristin Minter", 
      "Diana Rein"
    ], 
    "title": "Home Alone"
  }, 
  {
    "actors": [
      "Leonardo DiCaprio", 
      "Joseph Gordon-Levitt", 
      "Ellen Page", 
      "Tom Hardy", 
      "Ken Watanabe", 
      "Dileep Rao", 
      "Cillian Murphy", 
      "Tom Berenger", 
      "Marion Cotillard", 
      "Pete Postlethwaite", 
      "Michael Caine", 
      "Lukas Haas", 
      "Tai-Li Lee", 
      "Claire Geare", 
      "Magnus Nolan"
    ], 
    "title": "Inception"
  }
]