[
  {
    "actors": [
      "Bruce Willis", 
      "Samuel L. Jackson", 
      "Robin Wright", 
      "Spencer Treat Clark", 
      "Charlayne Woodard", 
      "Eamonn Walker", 
      "Leslie Stefanson", 
      "Johnny Hiram Jamison", 
      "Michaelia Carroll", 
      "Bostin Christopher", 
      "Elizabeth Lawrence", 
      "Davis Duffield", 
      "Laura Regan", 
      "Chance Kelly", 
      "Michael Kelly"
    ], 
    "title": "Unbreakable"
  }, 
  {
    "actors": [
      "Kevin Spacey", 
      "Russell Crowe", 
      "Guy Pearce", 
      "James Cromwell", 
      "Kim Basinger", 
      "Danny DeVito", 
      "David Strathairn", 
      "Ron Rifkin", 
      "Matt McCoy", 
      "Paul Guilfoyle", 
      "Paolo Seganti", 
      "Elisabeth Granli", 
      "Sandra Taylor", 
      "Steve Rankin", 
      "Graham Beckel"
    ], 
    "title": "L.A. Confidential"
  },
  {
    "actors": [
      "Christian Bale", 
      "Gary Oldman", 
      "Tom Hardy", 
      "Joseph Gordon-Levitt", 
      "Anne Hathaway", 
      "Marion Cotillard", 
      "Morgan Freeman", 
      "Michael Caine", 
      "Matthew Modine", 
      "Alon Aboutboul", 
      "Ben Mendelsohn", 
      "Burn Gorman", 
      "Daniel Sunjata", 
      "Aidan Gillen", 
      "Sam Kennard"
    ], 
    "title": "The Dark Knight Rises"
  },
  {
    "actors": [
      "Ken Watanabe", 
      "Tom Cruise", 
      "William Atherton", 
      "Chad Lindberg", 
      "Ray Godshall Sr.", 
      "Billy Connolly", 
      "Tony Goldwyn", 
      "Masato Harada", 
      "Masashi Odate", 
      "John Koyama", 
      "Timothy Spall", 
      "Shichinosuke Nakamura", 
      "Togo Igawa", 
      "Satoshi Nikaido", 
      "Shintaro Wada"
    ], 
    "title": "The Last Samurai"
  }, 
  {
    "actors": [
      "Robert Downey Jr.", 
      "Terrence Howard", 
      "Jeff Bridges", 
      "Gwyneth Paltrow", 
      "Leslie Bibb", 
      "Shaun Toub", 
      "Faran Tahir", 
      "Clark Gregg", 
      "Bill Smitrovich", 
      "Sayed Badreya", 
      "Paul Bettany", 
      "Jon Favreau", 
      "Peter Billingsley", 
      "Tim Guinee", 
      "Will Lyman"
    ], 
    "title": "Iron Man"
  },
  {
    "actors": [
      "Samuel L. Jackson", 
      "Kevin Spacey", 
      "David Morse", 
      "Ron Rifkin", 
      "John Spencer", 
      "J.T. Walsh", 
      "Siobhan Fallon", 
      "Paul Giamatti", 
      "Regina Taylor", 
      "Bruce Beatty", 
      "Michael Cudlitz", 
      "Carlos G\u00f3mez", 
      "Tim Kelleher", 
      "Dean Norris", 
      "Nestor Serrano"
    ], 
    "title": "The Negotiator"
  },
  {
    "actors": [
      "Hugh Jackman", 
      "Christian Bale", 
      "Michael Caine", 
      "Piper Perabo", 
      "Rebecca Hall", 
      "Scarlett Johansson", 
      "Samantha Mahurin", 
      "David Bowie", 
      "Andy Serkis", 
      "Daniel Davis", 
      "Jim Piddock", 
      "Christopher Neame", 
      "Mark Ryan", 
      "Roger Rees", 
      "Jamie Harris"
    ], 
    "title": "The Prestige"
  },
  {
    "actors": [
      "Leonardo DiCaprio", 
      "Joseph Gordon-Levitt", 
      "Ellen Page", 
      "Tom Hardy", 
      "Ken Watanabe", 
      "Dileep Rao", 
      "Cillian Murphy", 
      "Tom Berenger", 
      "Marion Cotillard", 
      "Pete Postlethwaite", 
      "Michael Caine", 
      "Lukas Haas", 
      "Tai-Li Lee", 
      "Claire Geare", 
      "Magnus Nolan"
    ], 
    "title": "Inception"
  }
]